{
    "faces":[35,34,1,2,40,0,0,1,2,3,34,44,45,1,0,4,5,1,34,1,34,35,0,1,0,4,34,35,5,41,0,4,4,4,34,41,42,43,0,4,4,4,34,43,44,1,0,4,4,1,34,1,35,41,0,1,4,4,34,1,41,43,0,1,4,4,34,40,2,54,0,3,2,6,34,54,36,37,0,6,7,7,34,37,38,39,0,7,7,7,34,39,40,54,0,7,3,6,34,54,37,39,0,6,7,7,34,47,48,55,0,8,9,10,34,55,54,2,0,10,6,2,34,2,46,47,0,2,11,8,34,55,2,47,0,10,2,8,34,56,55,48,0,12,10,9,34,48,49,50,0,9,12,12,34,50,58,57,0,12,12,12,34,57,51,52,0,12,12,12,34,52,56,48,0,12,12,9,34,48,50,57,0,9,12,12,34,48,57,52,0,9,12,12,35,11,28,29,12,0,13,14,15,16,34,10,28,11,0,17,14,13,34,29,28,30,0,15,14,18,34,3,12,29,0,19,16,15,34,29,4,0,0,15,20,19,34,29,0,3,0,15,19,19,35,9,31,28,10,0,21,22,14,17,35,53,29,30,14,0,23,15,18,24,34,30,28,32,0,18,14,25,34,4,29,53,0,20,15,23,34,19,27,31,0,26,27,22,34,31,9,8,0,22,21,26,34,31,8,19,0,22,26,26,34,28,31,32,0,14,22,25,34,14,30,15,0,24,18,28,34,30,32,33,0,18,25,29,34,26,31,27,0,30,22,27,35,25,32,31,26,0,31,25,22,30,35,15,30,33,16,0,28,18,29,32,35,23,33,32,24,0,33,29,25,34,34,24,32,25,0,34,25,31,34,17,16,33,0,35,32,29,34,33,22,21,0,29,36,37,34,33,21,17,0,29,37,35,34,22,33,23,0,36,29,33,34,13,17,21,0,38,35,37,34,21,18,20,0,37,38,39,34,20,59,13,0,39,40,38,34,21,20,13,0,37,39,38,34,59,20,6,0,40,39,41,34,2,1,45,0,2,1,5,34,45,7,46,0,5,42,11,34,45,46,2,0,5,11,2],
    "uvs":[],
    "name":"Mesh.009Geometry",
    "vertices":[-0.015994,-0.528338,0.792364,-0.118777,-0.184017,0.124665,-0.006361,0.003566,0.049075,0.016577,-0.504958,0.814701,-0.273335,-0.458032,0.841252,-0.29127,-0.450057,0.837977,-0.858569,0.440518,-0.078298,-0.87239,0.411898,-0.066911,0.56881,0.223841,0.724813,0.519152,0.09857,0.818193,0.456792,0,0.851579,0.176256,-0.352513,0.87194,0.033949,-0.492406,0.826687,-0.922892,0.147472,0.034982,-0.634812,-0.246238,0.664281,-0.919422,0,0.352557,-0.939681,0.022369,0.319852,-0.94353,0.039416,0.285845,-0.855722,0.499167,-0.009062,0.411564,0.372936,0.779694,-0.857517,0.489771,-0.021139,-0.85321,0.512319,0.007886,-0.844524,0.521951,0.025342,-0.55878,0.670151,0.405973,-0.338523,0.677051,0.576162,-0.112965,0.640253,0.7001,0.263075,0.49436,0.809676,0.323577,0.456217,0.810467,0,0,1,-0.276388,-0.44722,0.850649,-0.587786,0,0.809017,0.276388,0.44722,0.850649,-0.262869,0.525738,0.809012,-0.723607,0.44722,0.525725,-0.015994,-0.528338,0.792364,-0.273335,-0.458032,0.841252,0.519152,0.09857,0.818193,0.456792,0,0.851579,0.176256,-0.352513,0.87194,0.033949,-0.492406,0.826687,0.016577,-0.504958,0.814701,-0.634812,-0.246238,0.664281,-0.919422,0,0.352557,-0.939681,0.022369,0.319852,-0.94353,0.039416,0.285845,-0.922892,0.147472,0.034982,-0.858569,0.440518,-0.078298,-0.857517,0.489771,-0.021139,-0.855722,0.499167,-0.009062,-0.85321,0.512319,0.007886,-0.844524,0.521951,0.025342,-0.112965,0.640253,0.7001,0.263075,0.49436,0.809676,-0.29127,-0.450057,0.837977,0.56881,0.223841,0.724813,0.411564,0.372936,0.779694,0.323577,0.456217,0.810467,-0.338523,0.677051,0.576162,-0.55878,0.670151,0.405973,-0.87239,0.411898,-0.066911],
    "normals":[0.296091,-0.829554,-0.473434,0.175237,-0.728568,-0.66216,0.527696,-0.039796,-0.848476,0.701651,-0.583636,-0.408673,-0.311411,-0.863186,-0.39732,-0.17304,-0.625721,-0.760582,0.757561,0.023011,-0.652333,0.702689,-0.582781,-0.408124,0.435987,0.677755,-0.592029,0.435865,0.678091,-0.591754,0.435865,0.67806,-0.591784,0.267647,0.250893,-0.930265,0.435591,0.678701,-0.591266,0.131626,-0.279672,0.951018,0,0,1,-0.276376,-0.447188,0.850642,0.005707,-0.437513,0.899167,0.308847,0.033021,0.95053,-0.587756,0,0.809015,-0.038514,-0.661672,0.748772,-0.175085,-0.673574,0.71807,0.414014,0.205725,0.886685,0.276376,0.447218,0.850642,-0.543199,-0.413739,0.730552,-0.690176,-0.264138,0.673666,-0.262856,0.525712,0.808985,0.574572,0.330363,0.748772,0.532151,0.439772,0.723441,-0.806879,0.072542,0.58623,-0.723594,0.447188,0.525712,0.152043,0.672475,0.724296,-0.053774,0.724235,0.687429,-0.872097,0.235786,0.428724,-0.580462,0.674337,0.456374,-0.401807,0.702658,0.587176,-0.927915,0.303995,0.215705,-0.875759,0.399304,0.271249,-0.952971,0.26661,0.143956,-0.982238,0.187597,0,-0.97824,0.205023,-0.030946,-0.969909,0.23072,-0.077395,-0.904965,0.330363,-0.268014,-0.040925,-0.352336,-0.934965],
    "materials":[{
        "opacity":1,
        "specularCoef":50,
        "visible":true,
        "shading":"phong",
        "depthWrite":true,
        "transparent":false,
        "blending":"NormalBlending",
        "colorEmissive":[0,0,0],
        "DbgName":"Material.003",
        "DbgColor":15658734,
        "DbgIndex":0,
        "wireframe":false,
        "colorDiffuse":[0.64,0.64,0.64],
        "colorSpecular":[0.5,0.5,0.5],
        "depthTest":true
    }],
    "metadata":{
        "materials":1,
        "vertices":60,
        "normals":43,
        "type":"Geometry",
        "uvs":0,
        "version":3,
        "faces":57,
        "generator":"io_three"
    }
}