{
    "colors": [16769280,0,16711699,16770072,16717609,16769809,16711956],
    "vertices": [1.0,-1.0,-0.9999998807907104,1.0,-0.9999999403953552,1.0,-1.0000001192092896,-0.9999999403953552,0.9999998807907104,-0.9999996423721313,-1.0,-1.0000003576278687,1.0000004768371582,0.9999999403953552,-0.9999995231628418,0.9999993443489075,1.0,1.0000005960464478,-1.0000003576278687,1.0,0.9999995827674866,-0.9999999403953552,0.9999999403953552,-1.0],
    "metadata": {
        "colors": 7,
        "vertices": 8,
        "materials": 1,
        "faces": 12,
        "generator": "io_three",
        "normals": 8,
        "version": 3,
        "type": "Geometry",
        "uvs": 0
    },
    "materials": [{
        "opacity": 0.0,
        "colorEmissive": [0.0,0.0,0.0],
        "colorDiffuse": [0.6400000190734865,0.6400000190734865,0.6400000190734865],
        "DbgName": "Material",
        "depthTest": true,
        "shading": "lambert",
        "visible": true,
        "colorAmbient": [0.6400000190734865,0.6400000190734865,0.6400000190734865],
        "transparent": false,
        "DbgColor": 15658734,
        "vertexColors": true,
        "DbgIndex": 0,
        "depthWrite": true,
        "wireframe": false,
        "blending": "NoBlending"
    }],
    "name": "CubeGeometry.9",
    "faces": [162,0,1,2,0,0,1,2,0,0,0,162,7,6,5,0,3,4,5,2,2,2,162,4,5,1,0,6,5,1,2,2,0,162,5,6,2,0,5,4,2,2,2,0,162,2,6,7,0,2,4,3,3,4,2,162,0,3,7,0,0,7,3,0,5,2,162,3,0,2,0,7,0,2,5,0,0,162,4,7,5,0,6,3,5,2,2,2,162,0,4,1,0,0,6,1,0,2,0,162,1,5,2,0,1,5,2,0,2,0,162,3,2,7,0,7,2,3,5,3,2,162,4,0,7,0,6,0,3,6,0,2],
    "uvs": [],
    "normals": [0.5773491859436035,-0.5773491859436035,-0.5773491859436035,0.5773491859436035,-0.5773491859436035,0.5773491859436035,-0.5773491859436035,-0.5773491859436035,0.5773491859436035,-0.5773491859436035,0.5773491859436035,-0.5773491859436035,-0.5773491859436035,0.5773491859436035,0.5773491859436035,0.5773491859436035,0.5773491859436035,0.5773491859436035,0.5773491859436035,0.5773491859436035,-0.5773491859436035,-0.5773491859436035,-0.5773491859436035,-0.5773491859436035]
}