{
    "metadata": {
        "version": 3,
        "materials": 1,
        "faces": 46,
        "colors": 7,
        "vertices": 43,
        "type": "Geometry",
        "generator": "io_three"
    },
    "materials": [{
        "vertexColors": true,
        "transparent": false,
        "wireframe": false,
        "DbgName": "\u30de\u30c6\u30ea\u30a2\u30eb",
        "DbgColor": 15658734,
        "colorEmissive": [0.0,0.0,0.0],
        "depthWrite": true,
        "depthTest": true,
        "blending": "NoBlending",
        "shading": "lambert",
        "DbgIndex": 0,
        "opacity": 0.0,
        "colorAmbient": [0.800000011920929,0.800000011920929,0.800000011920929],
        "visible": true
    }],
    "faces": [130,5,2,6,0,0,0,0,130,0,2,1,0,0,0,0,130,4,2,5,0,0,0,0,130,3,2,4,0,0,0,0,130,6,2,0,0,0,0,0,130,1,2,3,0,0,0,0,131,6,0,7,12,0,0,0,0,0,131,12,7,13,18,0,0,0,0,0,131,5,6,12,11,0,0,0,0,0,131,4,5,11,10,0,0,0,0,0,131,3,4,10,9,0,0,0,0,0,131,1,3,9,8,0,0,2,3,0,131,0,1,8,7,0,0,4,5,0,131,18,13,19,24,0,0,0,0,0,131,11,12,18,17,0,0,0,0,0,131,10,11,17,16,0,0,0,0,0,131,9,10,16,15,0,0,0,0,0,131,8,9,15,14,0,0,0,0,0,131,7,8,14,13,0,0,0,0,0,131,24,19,25,30,0,0,0,0,0,131,17,18,24,23,0,0,0,0,0,131,16,17,23,22,0,0,0,0,0,131,15,16,22,21,0,0,0,0,0,131,14,15,21,20,0,0,0,0,0,131,13,14,20,19,0,0,0,0,0,131,30,25,31,36,0,0,0,0,0,131,23,24,30,29,0,0,0,0,0,131,22,23,29,28,0,0,0,0,0,131,21,22,28,27,0,0,0,0,0,131,20,21,27,26,0,0,0,0,0,131,19,20,26,25,0,0,0,0,0,131,36,31,37,42,0,6,6,6,6,131,29,30,36,35,0,0,0,0,0,131,28,29,35,34,0,0,0,0,0,131,27,28,34,33,0,0,0,0,0,131,26,27,33,32,0,0,0,0,0,131,25,26,32,31,0,0,0,0,0,130,37,41,42,0,6,6,6,130,39,40,41,0,6,6,6,130,37,38,39,0,6,6,6,130,37,39,41,0,6,6,6,131,35,36,42,41,0,6,6,6,6,131,34,35,41,40,0,6,6,6,6,131,33,34,40,39,0,6,6,6,6,131,32,33,39,38,0,6,6,6,6,131,31,32,38,37,0,6,6,6,6],
    "colors": [3644471,0,4038717,3710008,4170047,3710264,8200730],
    "vertices": [-2.9400542445046085e-08,4.260720729827881,-1.2676384449005127,1.0978068113327026,4.260720729827881,-0.6338192224502563,-2.9400542445046085e-08,6.440423011779785,-2.7450252559901855e-07,1.0978068113327026,4.260720729827881,0.6338189840316772,-1.4022100458532805e-07,4.260720729827881,1.2676379680633545,-1.0978070497512817,4.260720729827881,0.6338188052177429,-1.0978070497512817,4.260720729827881,-0.6338191628456116,-3.157557415534029e-08,4.173179626464844,-0.8174558281898499,0.7079373002052307,4.173179626464844,-0.4087279438972473,0.7079372406005859,4.173179626464844,0.4087276756763458,-1.0303980957360181e-07,4.173179626464844,0.8174554705619812,-0.7079374194145203,4.173179626464844,0.4087275564670563,-0.7079374194145203,4.173179626464844,-0.4087279140949249,-6.735212387809497e-09,3.057844877243042,-1.4141861200332642,1.224721074104309,3.057844877243042,-0.7070931196212769,1.22472083568573,3.057844877243042,0.7070929408073425,-1.3036726898008055e-07,3.057844877243042,1.414185881614685,-1.224721074104309,3.057844877243042,0.7070925831794739,-1.224721074104309,3.057844877243042,-0.7070930600166321,-2.5896309097106496e-08,2.9388375282287598,-1.161409616470337,1.005810022354126,2.9388375282287598,-0.5807048678398132,1.0058099031448364,2.9388375282287598,0.5807046294212341,-1.2742994215386716e-07,2.9388375282287598,1.1614093780517578,-1.0058101415634155,2.9388375282287598,0.5807043313980103,-1.0058101415634155,2.9388375282287598,-0.5807048082351685,-2.0763774699616988e-08,1.5868055820465088,-1.6504305601119995,1.4293147325515747,1.5868057012557983,-0.8252152800559998,1.4293146133422852,1.5868057012557983,0.825215220451355,-1.6504897359936876e-07,1.586805820465088,1.6504303216934204,-1.4293146133422852,1.5868057012557983,0.8252148032188416,-1.4293146133422852,1.5868057012557983,-0.8252151012420654,8.480762403451081e-08,1.450470209121704,-0.22698017954826355,0.19657066464424133,1.450470209121704,-0.11349017173051834,0.19657066464424133,1.450470209121704,0.11348998546600342,6.496438231806678e-08,1.450470209121704,0.22698010504245758,-0.1965705156326294,1.450470209121704,0.11348993331193924,-0.1965705156326294,1.450470209121704,-0.11349017173051834,2.467482431711687e-07,-0.004509339574724436,-0.22698011994361877,0.19657081365585327,-0.004509334918111563,-0.11349010467529297,0.19657081365585327,-0.004509324673563242,0.11349005252122879,2.269050014547247e-07,-0.004509320016950369,0.22698016464710236,-0.19657035171985626,-0.004509324673563242,0.11349000036716461,-0.19657035171985626,-0.004509334918111563,-0.11349010467529297],
    "name": "\u5186\u9310Geometry.1"
}