{
    "normals": [0.0,-1.0,0.0,0.42530596256256104,-0.8506424427032471,0.3089998960494995,-0.16245003044605255,-0.8506424427032471,0.4999847412109375,0.7235938310623169,-0.44718772172927856,0.5257118344306946,0.8506424427032471,-0.5257118344306946,0.0,-0.5257118344306946,-0.8506424427032471,0.0,-0.16245003044605255,-0.8506424427032471,-0.4999847412109375,0.42530596256256104,-0.8506424427032471,-0.3089998960494995,0.9510483145713806,0.0,0.3089998960494995,-0.2763756215572357,-0.44721823930740356,0.8506424427032471,0.2628559172153473,-0.5257118344306946,0.808984637260437,0.0,0.0,1.0,-0.8944059610366821,-0.44718772172927856,0.0,-0.6881618499755859,-0.5257118344306946,0.4999847412109375,-0.9510483145713806,0.0,0.3089998960494995,-0.2763756215572357,-0.44721823930740356,-0.8506424427032471,-0.6881618499755859,-0.5257118344306946,-0.4999847412109375,-0.5877559781074524,0.0,-0.809015154838562,0.7235938310623169,-0.44718772172927856,-0.5257118344306946,0.2628559172153473,-0.5257118344306946,-0.808984637260437,0.5877559781074524,0.0,-0.809015154838562,0.5877559781074524,0.0,0.809015154838562,-0.5877559781074524,0.0,0.809015154838562,-0.9510483145713806,0.0,-0.3089998960494995,0.0,0.0,-1.0,0.9510483145713806,0.0,-0.3089998960494995,0.2763756215572357,0.44721823930740356,0.8506424427032471,0.6881618499755859,0.5257118344306946,0.4999847412109375,0.16245003044605255,0.8506424427032471,0.4999847412109375,-0.7235938310623169,0.44718772172927856,0.5257118344306946,-0.2628559172153473,0.5257118344306946,0.808984637260437,-0.42530596256256104,0.8506424427032471,0.3089998960494995,-0.7235938310623169,0.44718772172927856,-0.5257118344306946,-0.8506424427032471,0.5257118344306946,0.0,-0.42530596256256104,0.8506424427032471,-0.3089998960494995,0.2763756215572357,0.44721823930740356,-0.8506424427032471,-0.2628559172153473,0.5257118344306946,-0.808984637260437,0.16245003044605255,0.8506424427032471,-0.4999847412109375,0.8944059610366821,0.44718772172927856,0.0,0.6881618499755859,0.5257118344306946,-0.4999847412109375,0.5257118344306946,0.8506424427032471,0.0,0.0,1.0,0.0],
    "uvs": [],
    "metadata": {
        "normals": 42,
        "colors": 36,
        "faces": 80,
        "version": 3,
        "generator": "io_three",
        "vertices": 42,
        "type": "Geometry",
        "uvs": 0,
        "materials": 1
    },
    "faces": [162,0,13,12,0,0,1,2,0,0,0,162,1,13,15,0,3,1,4,2,2,2,162,0,12,17,0,0,2,5,0,0,0,162,0,17,19,0,0,5,6,0,0,0,162,0,19,16,0,0,6,7,0,0,3,162,1,15,22,0,3,4,8,4,4,5,162,2,14,24,0,9,10,11,2,2,2,162,3,18,26,0,12,13,14,0,0,0,162,4,20,28,0,15,16,17,2,6,2,162,5,21,30,0,18,19,20,4,4,4,162,1,22,25,0,3,8,21,4,5,4,162,2,24,27,0,9,11,22,2,2,2,162,3,26,29,0,12,14,23,0,0,7,162,4,28,31,0,15,17,24,2,2,8,162,5,30,23,0,18,20,25,9,10,10,162,6,32,37,0,26,27,28,11,11,11,162,7,33,39,0,29,30,31,4,4,12,162,8,34,40,0,32,33,34,13,14,4,162,9,35,41,0,35,36,37,11,15,11,162,10,36,38,0,38,39,40,16,16,16,162,38,41,11,0,40,37,41,16,17,17,162,38,36,41,0,40,39,37,16,18,16,162,36,9,41,0,39,35,37,11,11,11,162,41,40,11,0,37,34,41,11,11,11,162,41,35,40,0,37,36,34,11,15,11,162,35,8,40,0,36,32,34,4,4,4,162,40,39,11,0,34,31,41,11,11,11,162,40,34,39,0,34,33,31,4,4,12,162,34,7,39,0,33,29,31,4,4,12,162,39,37,11,0,31,28,41,11,11,11,162,39,33,37,0,31,30,28,11,19,11,162,33,6,37,0,30,26,28,19,11,11,162,37,38,11,0,28,40,41,20,16,21,162,37,32,38,0,28,27,40,22,17,16,162,32,10,38,0,27,38,40,23,16,16,162,23,36,10,0,25,39,38,11,11,19,162,23,30,36,0,25,20,39,10,10,24,162,30,9,36,0,20,35,39,10,10,24,162,31,35,9,0,24,36,35,4,4,4,162,31,28,35,0,24,17,36,4,4,4,162,28,8,35,0,17,32,36,4,4,4,162,29,34,8,0,23,33,32,2,2,25,162,29,26,34,0,23,14,33,2,2,2,162,26,7,34,0,14,29,33,2,2,2,162,27,33,7,0,22,30,29,26,4,4,162,27,24,33,0,22,11,30,26,4,4,162,24,6,33,0,11,26,30,4,27,4,162,25,32,6,0,21,27,26,11,11,11,162,25,22,32,0,21,8,27,11,11,11,162,22,10,32,0,8,38,27,11,19,11,162,30,31,9,0,20,24,35,10,10,10,162,30,21,31,0,20,19,24,4,4,4,162,21,4,31,0,19,15,24,28,2,8,162,28,29,8,0,17,23,32,2,2,25,162,28,20,29,0,17,16,23,2,6,2,162,20,3,29,0,16,12,23,0,0,7,162,26,27,7,0,14,22,29,2,2,2,162,26,18,27,0,14,13,22,2,29,2,162,18,2,27,0,13,9,22,29,2,2,162,24,25,6,0,11,21,26,4,4,27,162,24,14,25,0,11,10,21,12,4,4,162,14,1,25,0,10,3,21,4,4,4,162,22,23,10,0,8,25,38,11,11,19,162,22,15,23,0,8,4,25,30,31,32,162,15,5,23,0,4,18,25,31,4,32,162,16,21,5,0,7,19,18,2,28,33,162,16,19,21,0,7,6,19,2,6,28,162,19,4,21,0,6,15,19,6,2,28,162,19,20,4,0,6,16,15,0,0,34,162,19,17,20,0,6,5,16,0,0,0,162,17,3,20,0,5,12,16,0,0,0,162,17,18,3,0,5,13,12,0,0,0,162,17,12,18,0,5,2,13,0,0,0,162,12,2,18,0,2,9,13,0,0,0,162,15,16,5,0,4,7,18,2,2,8,162,15,13,16,0,4,1,7,2,2,2,162,13,0,16,0,1,0,7,0,0,3,162,12,14,2,0,2,10,9,35,2,2,162,12,13,14,0,2,1,10,35,2,2,162,13,1,14,0,1,3,10,2,2,2],
    "vertices": [0.0,-1.0,4.371138828673793e-08,0.7236073017120361,-0.44721949100494385,0.5257253050804138,-0.276388019323349,-0.4472198188304901,0.8506492376327515,-0.8944262266159058,-0.44721561670303345,1.9548416219095088e-08,-0.276388019323349,-0.4472198784351349,-0.8506492376327515,0.7236073017120361,-0.4472195506095886,-0.5257253050804138,0.276388019323349,0.4472198784351349,0.8506492376327515,-0.7236073017120361,0.4472195506095886,0.5257253050804138,-0.7236073017120361,0.44721949100494385,-0.5257253050804138,0.276388019323349,0.4472198188304901,-0.8506492376327515,0.8944262266159058,0.44721561670303345,-1.9548416219095088e-08,0.0,1.0,-4.371138828673793e-08,-0.16245555877685547,-0.8506544232368469,0.49999529123306274,0.42532268166542053,-0.8506541848182678,0.30901142954826355,0.26286882162094116,-0.5257375836372375,0.8090116381645203,0.8506478667259216,-0.5257359147071838,2.2980646718906428e-08,0.42532268166542053,-0.8506541848182678,-0.3090113699436188,-0.525729775428772,-0.8506516814231873,3.7183166767817966e-08,-0.6881893873214722,-0.5257362127304077,0.49999696016311646,-0.16245555877685547,-0.8506544232368469,-0.49999523162841797,-0.6881893873214722,-0.5257362127304077,-0.4999969005584717,0.26286882162094116,-0.5257377028465271,-0.8090116381645203,0.9510578513145447,1.350737033334326e-08,0.30901262164115906,0.9510578513145447,-1.350737033334326e-08,-0.30901262164115906,0.0,4.371138473402425e-08,0.9999999403953552,0.5877856016159058,3.5363243000574585e-08,0.8090167045593262,-0.9510578513145447,1.350737033334326e-08,0.30901262164115906,-0.5877856016159058,3.5363243000574585e-08,0.8090167045593262,-0.5877856016159058,-3.5363243000574585e-08,-0.8090167045593262,-0.9510578513145447,-1.350737033334326e-08,-0.30901262164115906,0.5877856016159058,-3.5363243000574585e-08,-0.8090167045593262,0.0,-4.371138473402425e-08,-0.9999999403953552,0.6881893873214722,0.5257362127304077,0.4999969005584717,-0.26286882162094116,0.5257377028465271,0.8090116381645203,-0.8506478667259216,0.5257359147071838,-2.2980646718906428e-08,-0.26286882162094116,0.5257375836372375,-0.8090116381645203,0.6881893873214722,0.5257362127304077,-0.49999696016311646,0.16245555877685547,0.8506543636322021,0.49999523162841797,0.525729775428772,0.8506516814231873,-3.7183166767817966e-08,-0.42532268166542053,0.8506541848182678,0.3090113699436188,-0.42532268166542053,0.8506541848182678,-0.30901142954826355,0.16245555877685547,0.8506543636322021,-0.49999529123306274],
    "colors": [45242,0,12235776,1488832,965120,1293317,12235777,635837,12301569,10166681,12124346,3258,1030657,1030913,1293318,2831814,12189701,12189958,12389393,69050,12322572,12788519,12721442,12455700,10289850,13157430,2474264,1227524,12959781,13947230,1752589,1096451,965121,12301574,111035,12367366],
    "materials": [{
        "DbgColor": 15658734,
        "wireframe": false,
        "vertexColors": true,
        "colorDiffuse": [0.800000011920929,0.800000011920929,0.800000011920929],
        "colorAmbient": [0.800000011920929,0.800000011920929,0.800000011920929],
        "visible": true,
        "shading": "lambert",
        "colorEmissive": [0.0,0.0,0.0],
        "depthWrite": true,
        "transparent": false,
        "DbgIndex": 0,
        "opacity": 0.0,