{
    "name": "\u7acb\u65b9\u4f53Geometry",
    "metadata": {
        "faces": 76,
        "colors": 9,
        "type": "Geometry",
        "vertices": 76,
        "materials": 1,
        "generator": "io_three",
        "version": 3
    },
    "vertices": [-0.07684008777141571,1.5898069143295288,1.0171678066253662,-0.07684008777141571,1.5898069143295288,0.8634876608848572,0.07684008777141571,1.5898069143295288,0.8634876608848572,0.07684008777141571,1.5898069143295288,1.0171678066253662,-0.07684008777141571,1.743487000465393,1.0171678066253662,-0.07684008777141571,1.743487000465393,0.8634876608848572,0.07684008777141571,1.743487000465393,0.8634876608848572,0.07684008777141571,1.743487000465393,1.0171678066253662,-0.07684008777141571,1.5898069143295288,1.0171678066253662,0.07684008777141571,1.5898069143295288,1.0171678066253662,-0.07684008777141571,1.743487000465393,1.0171678066253662,0.07684008777141571,1.743487000465393,1.0171678066253662,-0.07378911972045898,1.531965970993042,1.3487868309020996,0.07378911972045898,1.531965970993042,1.3487868309020996,-0.07378911972045898,1.6359082460403442,1.4574551582336426,0.07378911972045898,1.6359082460403442,1.4574551582336426,-0.07378911972045898,1.314120888710022,1.4931057691574097,0.07378911972045898,1.314120888710022,1.4931057691574097,-0.07378911972045898,1.3519312143325806,1.641937017440796,0.07378911972045898,1.3519312143325806,1.641937017440796,-0.07378911972045898,0.8439568877220154,1.4639010429382324,0.07378911972045898,0.8439568877220154,1.4639010429382324,-0.07378911972045898,0.8439568877220154,1.6175813674926758,0.07378911972045898,0.8439568877220154,1.6175813674926758,-0.07378911972045898,0.44500523805618286,1.2858065366744995,0.07378911972045898,0.44500523805618286,1.2858065366744995,-0.07378911972045898,0.301563560962677,1.3409618139266968,0.07378911972045898,0.301563560962677,1.3409618139266968,-0.07684008777141571,0.3098672926425934,0.9531815052032471,0.07684008777141571,0.3098672926425934,0.9531815052032471,-0.07684008777141571,0.16642555594444275,1.0083367824554443,0.07684008777141571,0.16642555594444275,1.0083367824554443,-0.07684008777141571,0.2355414181947708,0.759882926940918,0.07684008777141571,0.2355414181947708,0.759882926940918,-0.07684008777141571,0.09209967404603958,0.8150382041931152,0.07684008777141571,0.09209967404603958,0.8150382041931152,0.0,1.546082854270935,-0.940189003944397,-0.6648139953613281,1.546082854270935,-0.6648140549659729,-0.9401889443397522,1.546082854270935,-2.648446084663192e-08,-0.6648139953613281,1.546082854270935,0.6648139357566833,8.219392810815407e-08,1.546082854270935,0.9401888847351074,0.6648140549659729,1.546082854270935,0.6648138165473938,0.9401889443397522,1.546082854270935,-7.879306451741286e-08,0.6648140549659729,1.546082854270935,-0.6648139357566833,-1.049904163608062e-09,-3.7551764364707196e-08,-0.8590842485427856,0.0,2.0,-1.0000001192092896,0.6074643135070801,-2.655310815669054e-08,-0.6074643135070801,0.7071067690849304,2.0,-0.7071068286895752,0.8590842485427856,1.641439737495691e-15,3.7551764364707196e-08,1.0,2.0,-4.371138828673793e-08,0.6074643135070801,2.655310815669054e-08,0.6074643135070801,0.7071067690849304,2.0,0.7071067094802856,-7.615343378120087e-08,3.7551764364707196e-08,0.8590842485427856,-8.742277657347586e-08,2.0,0.9999999403953552,-0.6074643731117249,2.6553102827620023e-08,0.6074641942977905,-0.70710688829422,2.0,0.7071065902709961,-0.8590842485427856,-4.478003258897797e-16,-1.0244477266496688e-08,-1.0,2.0,-9.934765898833575e-08,-0.6074643731117249,-2.6553102827620023e-08,-0.6074641942977905,-0.70710688829422,2.0,-0.7071067094802856,-1.049904163608062e-09,0.06564527750015259,-0.7836516499519348,0.0,2.0070252418518066,-0.9002503156661987,0.5541270971298218,0.06564529240131378,-0.5541270971298218,0.6365723609924316,2.0070252418518066,-0.6365724205970764,0.7836516499519348,0.06564531475305557,3.4682315686040965e-08,0.900250256061554,2.0070252418518066,-4.401847064627873e-08,0.5541270971298218,0.06564533710479736,0.5541270971298218,0.6365723609924316,2.0070252418518066,0.6365723013877869,-7.615343378120087e-08,0.06564535200595856,0.7836516499519348,-8.742277657347586e-08,2.0070252418518066,0.9002501964569092,-0.5541271567344666,0.06564533710479736,0.5541269779205322,-0.6365724802017212,2.0070252418518066,0.6365721821784973,-0.7836516499519348,0.06564531475305557,-1.3113925056984499e-08,-0.900250256061554,2.0070252418518066,-9.965474134787655e-08,-0.5541271567344666,0.06564529240131378,-0.5541269779205322,-0.6365724802017212,2.0070252418518066,-0.6365723013877869],
    "colors": [16777215,16250871,0,16711422,16645629,15066597,2690572,2756365,2756622],
    "faces": [131,1,0,4,5,0,0,0,0,0,131,5,6,2,1,0,0,0,1,0,131,6,7,3,2,0,0,0,0,1,131,0,3,9,8,0,0,0,0,0,131,0,1,2,3,0,0,0,0,0,131,7,6,5,4,0,0,0,0,0,131,8,9,13,12,0,0,0,0,0,131,7,4,10,11,0,0,0,0,0,131,3,7,11,9,0,0,0,0,0,131,4,0,8,10,0,0,0,0,0,131,12,13,17,16,0,2,2,2,2,131,11,10,14,15,0,0,0,0,0,131,9,11,15,13,0,0,0,0,0,131,10,8,12,14,0,0,0,0,0,131,16,17,21,20,0,0,0,3,4,131,15,14,18,19,0,0,0,0,0,131,13,15,19,17,0,0,0,5,0,131,14,12,16,18,0,0,0,0,0,131,20,21,25,24,0,4,3,0,0,131,19,18,22,23,0,0,0,0,0,131,17,19,23,21,0,0,5,0,3,131,18,16,20,22,0,0,0,0,0,131,24,25,29,28,0,0,0,0,0,131,23,22,26,27,0,0,0,0,0,131,21,23,27,25,0,3,0,0,0,131,22,20,24,26,0,0,0,0,0,131,28,29,33,32,0,0,0,0,0,131,27,26,30,31,0,0,0,0,0,131,25,27,31,29,0,0,0,0,0,131,26,24,28,30,0,0,0,0,0,131,35,34,32,33,0,2,2,2,2,131,31,30,34,35,0,0,0,0,0,131,29,31,35,33,0,0,0,0,0,131,30,28,32,34,0,0,0,0,0,130,37,43,36,0,6,6,6,130,41,42,43,0,6,6,6,130,39,40,41,0,7,6,6,130,37,38,39,0,6,8,7,130,37,41,43,0,6,6,6,130,37,39,41,0,6,7,6,131,44,45,47,46,0,0,0,0,0,131,46,47,49,48,0,0,0,0,0,131,48,49,51,50,0,0,0,0,0,131,50,51,53,52,0,0,0,0,0,131,52,53,55,54,0,0,0,0,0,131,54,55,57,56,0,0,0,0,0,131,58,59,45,44,0,0,0,0,0,131,56,57,59,58,0,0,0,0,0,130,44,56,58,0,0,0,0,130,52,54,56,0,0,0,0,130,48,50,52,0,0,0,0,130,44,46,48,0,0,0,0,130,44,52,56,0,0,0,0,130,44,48,52,0,0,0,0,131,62,63,61,60,0,0,0,0,0,131,64,65,63,62,0,0,0,0,0,131,66,67,65,64,0,0,0,0,0,131,68,69,67,66,0,0,0,0,0,131,70,71,69,68,0,0,0,0,0,131,72,73,71,70,0,0,0,0,0,131,60,61,75,74,0,0,0,0,0,131,74,75,73,72,0,0,0,0,0,130,74,62,60,0,0,0,0,130,66,64,62,0,0,0,0,130,70,68,66,0,0,0,0,130,74,72,70,0,0,0,0,130,74,66,62,0,0,0,0,130,74,70,66,0,0,0,0,131,47,45,61,63,0,0,0,0,0,131,49,47,63,65,0,0,0,0,0,131,51,49,65,67,0,0,0,0,0,131,53,51,67,69,0,0,0,0,0,131,55,53,69,71,0,0,0,0,0,131,57,55,71,73,0,0,0,0,0,131,59,57,73,75,0,0,0,0,0,131,45,59,75,61,0,0,0,0,0],
    "materials": [{
        "DbgName": "\u30de\u30c6\u30ea\u30a2\u30eb",
        "depthTest": true,
        "depthWrite": true,
        "colorAmbient": [0.800000011920929,0.800000011920929,0.800000011920929],
        "wireframe": false,
        "DbgIndex": 0,
        "opacity": 0.0,
        "shading": "lambert",
        "DbgColor": 15658734,
        "transparent": false,
        "colorEmissive": [0.0,0.0,0.0],
        "blending": "NoBlending",
        "visible": true,
        "vertexColors": true
    }]
}