{
    "materials": [{
        "transparent": false,
        "visible": true,
        "colorAmbient": [0.800000011920929,0.800000011920929,0.800000011920929],
        "depthTest": true,
        "opacity": 0.0,
        "colorEmissive": [0.0,0.0,0.0],
        "wireframe": false,
        "DbgName": "\u30de\u30c6\u30ea\u30a2\u30eb",
        "shading": "lambert",
        "depthWrite": true,
        "DbgIndex": 0,
        "DbgColor": 15658734,
        "blending": "NoBlending",
        "vertexColors": true
    }],
    "colors": [5296409,15660451,8008734,8206370,8404264,0,16769218,15123097,10580264,16637629,16506042,12094799,11040817,10580265,10646057,11107382,11106869,13080118,13014325,13014326,10908970,11040811,16068142,8139806,15806253,16002606],
    "name": "\u7acb\u65b9\u4f53.001Geometry",
    "metadata": {
        "materials": 1,
        "colors": 26,
        "version": 3,
        "vertices": 176,
        "generator": "io_three",
        "faces": 272,
        "type": "Geometry"
    },
    "vertices": [-0.8988013863563538,-0.036814745515584946,0.9027069211006165,-0.8210285305976868,-0.012007846496999264,-1.0095285177230835,0.8690261840820312,-0.03405848890542984,-0.83973228931427,0.702537477016449,-0.036814745515584946,0.9027069211006165,-0.8988013863563538,0.12185684591531754,0.9027069211006165,-0.936480700969696,0.14390744268894196,-0.8081308007240295,1.0336085557937622,0.13187994062900543,-0.7210173010826111,1.1367497444152832,0.12185686826705933,1.0319608449935913,-0.6957823634147644,0.011812987737357616,0.6996878981590271,-1.0810673236846924,-0.008580434136092663,1.0460407733917236,-0.6957823634147644,0.07322908937931061,0.6996878981590271,-0.6957823634147644,0.07322902977466583,-0.6919258236885071,-0.8988013863563538,0.04252096638083458,-0.8949449062347412,-0.6957823634147644,0.011812927201390266,-0.6919258236885071,0.695831298828125,0.07322902977466583,-0.6919258236885071,0.8988503813743591,0.04252096638083458,-0.8949449062347412,0.695831298828125,0.011812927201390266,-0.6919258236885071,0.695831298828125,0.07322908937931061,0.6996878981590271,0.8988503813743591,0.042521048337221146,0.9027069211006165,0.695831298828125,0.011812987737357616,0.6996878981590271,-0.8548509478569031,0.1263945996761322,0.8548509478569031,-0.8548509478569031,0.12639451026916504,-0.8548509478569031,0.8548509478569031,0.12639451026916504,-0.8548509478569031,0.8548509478569031,0.1263945996761322,0.8548509478569031,-0.8548509478569031,0.16026434302330017,0.8548509478569031,-0.8548509478569031,0.160264253616333,-0.8548509478569031,0.8548509478569031,0.160264253616333,-0.8548509478569031,0.8548509478569031,0.16026434302330017,0.8548509478569031,-0.06463948637247086,0.14752978086471558,-0.8185151815414429,-0.06463948637247086,0.2475297749042511,-0.8185151815414429,0.24150729179382324,0.14752978086471558,-0.75761878490448,0.24150729179382324,0.2475297749042511,-0.75761878490448,0.5010459423065186,0.14752978086471558,-0.5842006206512451,0.5010459423065186,0.2475297749042511,-0.5842006206512451,0.6744641065597534,0.14752979576587677,-0.32466191053390503,0.6744641065597534,0.2475297898054123,-0.32466191053390503,0.7353605031967163,0.14752981066703796,-0.018515149131417274,0.7353605031967163,0.2475298047065735,-0.018515154719352722,0.6744641065597534,0.14752982556819916,0.28763166069984436,0.6744641065597534,0.24752981960773468,0.28763166069984436,0.5010459423065186,0.14752984046936035,0.5471702814102173,0.5010459423065186,0.24752983450889587,0.5471702814102173,0.24150732159614563,0.14752984046936035,0.7205884456634521,0.24150732159614563,0.24752983450889587,0.7205884456634521,-0.0646393671631813,0.14752984046936035,0.781484842300415,-0.0646393671631813,0.24752983450889587,0.781484842300415,-0.37078607082366943,0.14752984046936035,0.7205885648727417,-0.37078607082366943,0.24752983450889587,0.7205885648727417,-0.6303247809410095,0.14752984046936035,0.5471704602241516,-0.6303247809410095,0.24752983450889587,0.5471704602241516,-0.8037431240081787,0.14752982556819916,0.28763169050216675,-0.8037431240081787,0.24752981960773468,0.28763169050216675,-0.8646395206451416,0.14752981066703796,-0.018515193834900856,-0.8646395206451416,0.2475298047065735,-0.018515199422836304,-0.8037430644035339,0.14752979576587677,-0.32466205954551697,-0.8037430644035339,0.2475297898054123,-0.32466205954551697,-0.6303247213363647,0.14752978086471558,-0.5842007994651794,-0.6303247213363647,0.2475297749042511,-0.5842007994651794,-0.3707858622074127,0.14752978086471558,-0.7576189637184143,-0.3707858622074127,0.2475297749042511,-0.7576189637184143,0.0,0.34073418378829956,0.019774358719587326,0.7236073017120361,0.5026262402534485,0.5271642804145813,-0.276388019323349,0.5505754947662354,0.8485307693481445,-0.8944262266159058,0.42504528164863586,0.0071947891265153885,-0.276388019323349,0.2995138466358185,-0.8341410160064697,0.7236073017120361,0.34746310114860535,-0.5127745270729065,0.276388019323349,0.8329224586486816,0.806403398513794,-0.7236073017120361,0.7849730253219604,0.4850369691848755,-0.7236073017120361,0.6298099160194397,-0.5549017786979675,0.276388019323349,0.5818608403205872,-0.8762683272361755,0.8944262266159058,0.7073894143104553,-0.03493212163448334,0.0,0.9998701810836792,-0.07857146114110947,-0.16245555877685547,0.4372970759868622,0.5108968615531921,0.42532268166542053,0.4091135263442993,0.32200390100479126,0.26286882162094116,0.5324553847312927,0.809135913848877,0.8506478667259216,0.41306930780410767,0.008981655351817608,0.42532268166542053,0.3179115653038025,-0.2892524302005768,-0.525729775428772,0.36351290345191956,0.016375673934817314,-0.6881893873214722,0.4868541359901428,0.5035043954849243,-0.16245555877685547,0.2897278666496277,-0.4781453311443329,-0.6881893873214722,0.3392844498157501,-0.48554104566574097,0.26286882162094116,0.2936827838420868,-0.7911725044250488,0.9510578513145447,0.5163666605949402,0.30600252747535706,0.9510578513145447,0.4251643419265747,-0.30525627732276917,0.0,0.6183360815048218,0.9894246459007263,0.5877856016159058,0.5901525616645813,0.8005324006080627,-0.9510578513145447,0.5163666605949402,0.30600252747535706,-0.5877856016159058,0.5901525616645813,0.8005324006080627,-0.5877856016159058,0.3513784408569336,-0.7997860312461853,-0.9510578513145447,0.4251643419265747,-0.30525627732276917,0.5877856016159058,0.3513784408569336,-0.7997860312461853,0.0,0.3231949508190155,-0.9886782765388489,0.6881893873214722,0.8227198719978333,0.45339182019233704,-0.26286882162094116,0.8683221340179443,0.7590231895446777,-0.8506478667259216,0.7489348649978638,-0.041130874305963516,-0.26286882162094116,0.6295494437217712,-0.8412851691246033,0.6881893873214722,0.6751502156257629,-0.5356535911560059,0.16245555877685547,0.9946353435516357,0.4277396500110626,0.525729775428772,0.9208493232727051,-0.06678122282028198,-0.42532268166542053,0.9664516448974609,0.2388467639684677,-0.42532268166542053,0.8752496242523193,-0.3724095821380615,0.16245555877685547,0.8470661640167236,-0.5613025426864624,0.0,0.13399946689605713,3.7805268249258006e-08,0.7236073017120361,0.04875580221414566,-0.5257253050804138,-0.276388019323349,0.04875592142343521,-0.8506492376327515,-0.8944262266159058,0.048755042254924774,1.3755260042103146e-08,-0.276388019323349,0.04875544458627701,0.8506492376327515,0.7236073017120361,0.04875550419092178,0.5257253050804138,0.276388019323349,-0.23671652376651764,-0.8506492972373962,-0.7236073017120361,-0.23671649396419525,-0.5257253646850586,-0.7236073017120361,-0.23671676218509674,0.525725245475769,0.276388019323349,-0.23671703040599823,0.8506491780281067,0.8944262266159058,-0.23671454191207886,-6.67842670054597e-08,0.0,-0.5324329733848572,-1.502152997545636e-07,-0.16245555877685547,0.11096915602684021,-0.49999523162841797,0.42532268166542053,0.11096904426813126,-0.3090113699436188,0.26286882162094116,0.06086406111717224,-0.8090116381645203,0.8506478667259216,0.060863591730594635,1.7171444710584183e-08,0.42532268166542053,0.11096886545419693,0.30901142954826355,-0.525729775428772,