{
    "name": "\u5186\u67f1Geometry",
    "metadata": {
        "colors": 20,
        "version": 3,
        "vertices": 88,
        "type": "Geometry",
        "generator": "io_three",
        "materials": 1,
        "faces": 92
    },
    "vertices": [-3.223194511292604e-08,-1.3865765424725396e-07,-0.44492679834365845,-5.16157143692908e-08,3.070936441421509,-0.1922364979982376,0.31461066007614136,-1.3296136103235767e-07,-0.3146107494831085,0.13593155145645142,3.070936441421509,-0.13593176007270813,0.4449267089366913,-1.1920928955078125e-07,1.9448371801900066e-08,0.1922363042831421,3.070936441421509,-1.2598212606462766e-07,0.31461066007614136,-1.0545721806920483e-07,0.3146107494831085,0.13593155145645142,3.070936441421509,0.13593149185180664,-7.112868161129882e-08,-9.976092485430854e-08,0.44492679834365845,-6.842154220976226e-08,3.070936441421509,0.19223622977733612,-0.3146108388900757,-1.0545721806920483e-07,0.31461068987846375,-0.13593170046806335,3.070936441421509,0.13593144714832306,-0.44492679834365845,-1.1920928955078125e-07,-5.305693662194244e-09,-0.19223636388778687,3.070936441421509,-1.3667744269696414e-07,-0.3146108388900757,-1.3296136103235767e-07,-0.31461068987846375,-0.13593170046806335,3.070936441421509,-0.13593171536922455,-2.607702853651972e-08,0.06344448775053024,-0.5000000596046448,-2.607702853651972e-08,0.6276924014091492,-0.5000000596046448,-3.072718612884273e-08,1.178305745124817,-0.4258401095867157,-3.072718612884273e-08,1.4437459707260132,-0.4258401095867157,-2.607702853651972e-08,1.8305774927139282,-0.5000001192092896,0.3535533547401428,1.8305774927139282,-0.35355350375175476,0.3011143207550049,1.4437459707260132,-0.30111443996429443,0.3011143207550049,1.178305745124817,-0.30111443996429443,0.3535533547401428,0.6276924014091492,-0.35355344414711,0.3535533547401428,0.06344449520111084,-0.3535534143447876,0.5,1.8305774927139282,-5.816138326508735e-08,0.42583999037742615,1.4437459707260132,-4.449407953188711e-08,0.42583999037742615,1.178305745124817,-3.289132166628406e-08,0.5,0.6276924014091492,-5.581609840987767e-09,0.5,0.06344451010227203,1.9082447622054133e-08,0.3535533547401428,1.8305774927139282,0.35355332493782043,0.3011143207550049,1.4437459707260132,0.3011143207550049,0.3011143207550049,1.178305745124817,0.3011143207550049,0.3535533547401428,0.6276924014091492,0.3535533845424652,0.3535533547401428,0.06344452500343323,0.3535534143447876,-6.978842037597133e-08,1.8305774927139282,0.4999999701976776,-6.79552982774112e-08,1.4437459707260132,0.42583999037742615,-6.79552982774112e-08,1.178305745124817,0.42583999037742615,-6.978842037597133e-08,0.6276924014091492,0.5000000596046448,-6.978842037597133e-08,0.06344453245401382,0.5000000596046448,-0.35355353355407715,1.8305774927139282,0.35355326533317566,-0.3011144995689392,1.4437459707260132,0.3011142611503601,-0.3011144995689392,1.178305745124817,0.3011142611503601,-0.35355353355407715,0.6276924014091492,0.35355332493782043,-0.35355353355407715,0.06344452500343323,0.3535533547401428,-0.5000000596046448,1.8305774927139282,-8.597952216859994e-08,-0.4258400499820709,1.4437459707260132,-6.818623177196059e-08,-0.4258400499820709,1.178305745124817,-5.658347390635754e-08,-0.5000000596046448,0.6276924014091492,-3.339974696814352e-08,-0.5000000596046448,0.06344451010227203,-8.735688616923198e-09,-0.35355353355407715,1.8305774927139282,-0.35355344414711,-0.3011144995689392,1.4437459707260132,-0.30111438035964966,-0.3011144995689392,1.178305745124817,-0.30111438035964966,-0.35355353355407715,0.6276924014091492,-0.3535533845424652,-0.35355353355407715,0.06344449520111084,-0.3535533547401428,-2.607702853651972e-08,2.553602933883667,-0.5000001788139343,-5.178962325658176e-08,3.0194473266601562,-0.15138670802116394,-5.178962325658176e-08,3.0497732162475586,-0.15138670802116394,0.10704640299081802,3.0497732162475586,-0.10704659670591354,0.10704640299081802,3.0194473266601562,-0.10704659670591354,0.3535533547401428,2.553602933883667,-0.35355353355407715,0.15138651430606842,3.0497732162475586,-1.266925124809859e-07,0.15138651430606842,3.0194473266601562,-1.2536692395315185e-07,0.5,2.553602933883667,-8.976583387720893e-08,0.10704640299081802,3.0497732162475586,0.10704632848501205,0.10704640299081802,3.0194473266601562,0.10704632848501205,0.3535533547401428,2.553602933883667,0.35355329513549805,-6.502425264898193e-08,3.0497732162475586,0.15138643980026245,-6.502425264898193e-08,3.0194473266601562,0.15138643980026245,-6.978842037597133e-08,2.553602933883667,0.4999999403953552,-0.10704652220010757,3.0497732162475586,0.10704629868268967,-0.10704652220010757,3.0194473266601562,0.10704629868268967,-0.35355353355407715,2.553602933883667,0.35355323553085327,-0.15138660371303558,3.0497732162475586,-1.351150871187201e-07,-0.15138660371303558,3.0194473266601562,-1.3378949859088607e-07,-0.5000000596046448,2.553602933883667,-1.1758397278072152e-07,-0.10704652220010757,3.0497732162475586,-0.10704656690359116,-0.10704652220010757,3.0194473266601562,-0.10704656690359116,-0.35355353355407715,2.553602933883667,-0.3535534739494324,-5.16157143692908e-08,3.3070247173309326,-0.1922365128993988,0.13593155145645142,3.3070247173309326,-0.13593177497386932,0.1922363042831421,3.3070247173309326,-1.3630187822855078e-07,0.13593155145645142,3.3070247173309326,0.13593147695064545,-6.842154220976226e-08,3.3070247173309326,0.19223621487617493,-0.13593170046806335,3.3070247173309326,0.13593143224716187,-0.19223636388778687,3.3070247173309326,-1.4699719486088725e-07,-0.13593170046806335,3.3070247173309326,-0.13593173027038574],
    "colors": [16777215,0,16514043,16645629,15592941,15198183,16711422,14013909,14737632,196863,591615,328447,2499583,9869055,262655,854783,986367,5328895,16316664,7368816],
    "materials": [{
        "depthWrite": true,
        "vertexColors": true,
        "visible": true,
        "depthTest": true,
        "colorEmissive": [0.0,0.0,0.0],
        "DbgColor": 15658734,
        "opacity": 0.0,
        "transparent": false,
        "DbgIndex": 0,
        "DbgName": "\u30de\u30c6\u30ea\u30a2\u30eb",
        "wireframe": false,
        "blending": "NoBlending",
        "colorAmbient": [0.800000011920929,0.800000011920929,0.800000011920929],
        "shading": "lambert"
    }],