{
    "colors": [14589446,14694723,0,14733195,14558208,14329657,14263864,14329658,16767613,15318101,16570238,14659910,16701820,16767612,16767870,15647582,16768901,16569977,16777215,14857032,16767356,16372339,16437877,14329916,14264893,16767614],
    "metadata": {
        "colors": 26,
        "version": 3,
        "vertices": 108,
        "generator": "io_three",
        "type": "Geometry",
        "materials": 1,
        "faces": 84
    },
    "name": "\u7acb\u65b9\u4f53Geometry",
    "vertices": [-0.27676165103912354,-0.9999999403953552,0.7213491797447205,-0.27676165103912354,-1.0,-0.7213490605354309,0.27676165103912354,-1.0,-0.7213490605354309,0.27676165103912354,-0.9999999403953552,0.7213491797447205,-0.34910285472869873,1.0,0.852220892906189,-0.34910285472869873,0.9999999403953552,-0.8522210121154785,0.34910285472869873,0.9999999403953552,-0.8522210121154785,0.34910285472869873,1.0,0.852220892906189,-0.21985378861427307,-0.9396160840988159,0.6655399799346924,-0.21985378861427307,-0.9396160840988159,-0.6655398607254028,0.21985378861427307,-0.9396160840988159,-0.6655398607254028,0.21985378861427307,-0.9396160840988159,0.6655399799346924,-0.2792063057422638,1.0071840286254883,0.7810730934143066,-0.2792063057422638,1.0071840286254883,-0.7810732126235962,0.2792063057422638,1.0071840286254883,-0.7810732126235962,0.2792063057422638,1.0071840286254883,0.7810730934143066,0.32950064539909363,0.4580620229244232,-0.8167587518692017,0.32619956135749817,0.3667980134487152,0.810786783695221,-0.33628401160240173,0.6456008553504944,0.8290305137634277,-0.3206443190574646,0.21321389079093933,-0.8007369041442871,-0.06688550114631653,-0.8528733253479004,-0.37114521861076355,-0.06688544154167175,-0.8690484762191772,-0.5039344429969788,0.06688547134399414,-0.8690484762191772,-0.5039344429969788,0.06688547134399414,-0.8528733253479004,-0.37114521861076355,-0.06688544154167175,1.819427251815796,-0.6966596245765686,-0.06688544154167175,1.803252100944519,-0.8294491171836853,0.06688547134399414,1.803252100944519,-0.8294492363929749,0.06688541173934937,1.819427251815796,-0.6966596245765686,0.03656339645385742,-0.8627567291259766,-0.4706577956676483,0.036563336849212646,-0.8627567291259766,-0.588778555393219,0.15468424558639526,-0.8627567291259766,-0.588778555393219,0.15468424558639526,-0.8627567291259766,-0.4706577956676483,0.03656339645385742,1.514349102973938,-0.4706578850746155,0.036563336849212646,1.5143492221832275,-0.5887786746025085,0.1546841859817505,1.5143492221832275,-0.5887786746025085,0.15468424558639526,1.514349102973938,-0.4706578850746155,0.08218473196029663,-0.8528733253479004,-0.11480756849050522,-0.008715242147445679,-0.8690483570098877,-0.21160735189914703,0.08880013227462769,-0.8690484762191772,-0.30317917466163635,0.1797000765800476,-0.8528733253479004,-0.20637936890125275,-0.14064368605613708,1.8194273710250854,-0.3520987927913666,-0.23154360055923462,1.8032522201538086,-0.4488987624645233,-0.13402828574180603,1.803252100944519,-0.540470540523529,-0.043128371238708496,1.8194273710250854,-0.4436706006526947,0.08947557210922241,-0.8627567291259766,-0.25816455483436584,0.008616805076599121,-0.8627568483352661,-0.3442715108394623,0.09472376108169556,-0.862756609916687,-0.42513033747673035,0.17558246850967407,-0.8627567291259766,-0.33902332186698914,0.08947557210922241,1.514349341392517,-0.25816482305526733,0.008616805076599121,1.514349341392517,-0.34427160024642944,0.09472370147705078,1.5143492221832275,-0.4251304268836975,0.17558246850967407,1.5143492221832275,-0.3390234112739563,0.14491689205169678,-0.8455759286880493,0.12696686387062073,-0.006887853145599365,-0.864079475402832,0.13244609534740448,-0.01240760087966919,-0.8640793561935425,-0.020480714738368988,0.13939714431762695,-0.8455759286880493,-0.025959931313991547,-0.2272110879421234,2.211386203765869,0.1403982937335968,-0.37901583313941956,2.192882776260376,0.14587751030921936,-0.384535551071167,2.192882776260376,-0.007049298845231533,-0.23273077607154846,2.2113864421844482,-0.012528516352176666,0.026885628700256348,-0.8568820953369141,0.012810386717319489,-0.10815009474754333,-0.8568819761276245,0.017684318125247955,-0.11302405595779419,-0.8568819761276245,-0.11735143512487411,0.022011637687683105,-0.8568819761276245,-0.1222253069281578,0.026885628700256348,1.8623942136764526,0.012810268439352512,-0.10815012454986572,1.862394094467163,0.017684198915958405,-0.11302408576011658,1.862394094467163,-0.11735155433416367,0.022011637687683105,1.8623942136764526,-0.12222542613744736,0.11359304189682007,-0.8006547689437866,-0.05402740463614464,0.005135476589202881,-0.8036980628967285,0.05388358607888222,-0.10245850682258606,-0.7881706953048706,-0.05381747707724571,0.005999088287353516,-0.7851274013519287,-0.1617284119129181,0.2908437252044678,2.2623965740203857,0.21050108969211578,0.1823861002922058,2.2593538761138916,0.3184121549129486,0.07479214668273926,2.27488112449646,0.2107110172510147,0.18324965238571167,2.277924060821533,0.10280009359121323,0.2676243185997009,-0.8568819761276245,-0.056446872651576996,0.1725233793258667,-0.8568820953369141,0.03954378515481949,0.07653272151947021,-0.8568819761276245,-0.055557213723659515,0.17163366079330444,-0.8568819761276245,-0.15154780447483063,0.2676243185997009,1.8623942136764526,-0.05644699186086655,0.17252331972122192,1.862394094467163,0.03954366594552994,0.07653272151947021,1.8623942136764526,-0.055557332932949066,0.17163360118865967,1.862394094467163,-0.15154798328876495,0.03441464900970459,-0.8471622467041016,0.38192498683929443,0.15246731042861938,-0.8467507362365723,0.37793323397636414,0.15648019313812256,-0.8588569164276123,0.4953635036945343,0.03842759132385254,-0.8592684268951416,0.4993552565574646,0.03441464900970459,1.517411470413208,0.625694215297699,0.1524672508239746,1.5178229808807373,0.6217024326324463,0.15648019313812256,1.5057169198989868,0.7391327023506165,0.038427531719207764,1.5053054094314575,0.7431244850158691,-0.29168736934661865,-0.8083041906356812,0.1725383698940277,-0.19570940732955933,-0.8146358728408813,0.05352065712213516,-0.07709819078445435,-0.8245511054992676,0.14969831705093384,-0.17307615280151367,-0.8182194232940674,0.2687160074710846,-0.05641081929206848,2.2621397972106934,0.1989220827817917,0.03956711292266846,2.255807876586914,0.07990439981222153,0.15817832946777344,2.2458927631378174,0.1760820895433426,0.06220036745071411,2.2522244453430176,0.29509979486465454,-0.12803587317466736,-0.8181700706481934,0.15798571705818176,-0.04266005754470825,-0.8074295520782471,0.05380311980843544,0.06207472085952759,-0.8161847591400146,0.13872882723808289,-0.023301124572753906,-0.8269251585006714,0.2429114282131195,-0.12803584337234497,1.8867700099945068,0.43684396147727966,-0.042660027742385864,1.8975104093551636,0.33266136050224304,0.06207472085952759,1.888755202293396,0.4175870716571808,-0.02330109477043152,1.8780148029327393,0.5217697024345398],
    "materials": [{
        "opacity": 0.0,
        "colorEmissive": [0.0,0.0,0.0],
        "DbgColor": 15658734,
        "vertexColors": true,
        "depthWrite": true,
        "DbgName": "\u30de\u30c6\u30ea\u30a2\u30eb",
        "colorAmbient": [0.800000011920929,0.800000011920929,0.800000011920929],
        "wireframe": false,
        "shading": "lambert",
        "depthTest": true,
        "DbgIndex": 0,
        "visible": true,
        "transparent": false,
        "blending": "NoBlending"
    }],