{
    "faces": [130,0,9,8,0,0,0,0,130,18,9,11,0,0,0,0,130,0,8,13,0,0,0,0,131,15,0,32,34,0,2,3,2,4,130,0,15,12,0,0,0,0,131,33,13,15,34,0,2,5,4,2,130,1,14,20,0,0,0,0,130,2,16,22,0,0,0,0,130,3,17,23,0,0,0,0,130,10,4,21,0,0,0,0,130,4,7,27,0,0,6,0,130,5,27,29,0,0,0,0,130,6,25,31,0,0,0,0,130,7,26,28,0,6,0,0,130,28,26,31,0,0,0,0,130,26,6,31,0,0,0,0,130,31,30,28,0,0,0,0,130,31,25,30,0,0,0,0,130,25,24,30,0,0,0,0,130,30,29,28,0,0,0,0,130,30,24,29,0,0,0,0,130,24,5,29,0,0,0,0,130,29,27,28,0,0,0,0,130,27,7,28,0,0,6,0,130,3,26,7,0,0,0,6,130,3,23,26,0,0,0,0,130,23,6,26,0,0,0,0,130,2,25,6,0,0,0,0,130,2,22,25,0,0,0,0,130,22,24,25,0,0,0,0,130,1,20,24,0,0,0,0,130,20,5,24,0,0,0,0,130,21,27,5,0,0,0,0,130,21,4,27,0,0,0,0,130,19,7,4,0,0,6,0,130,19,18,7,0,0,0,6,130,23,2,6,0,0,0,0,130,23,17,2,0,0,0,0,130,22,1,24,0,0,0,0,130,22,16,1,0,0,0,0,130,20,21,5,0,0,0,0,130,20,14,21,0,0,0,0,130,14,10,21,0,0,0,0,130,4,10,19,0,0,0,0,130,10,18,19,0,0,0,0,130,18,3,7,0,0,0,6,130,18,11,3,0,0,0,0,130,12,17,3,0,0,0,0,130,12,15,17,0,0,0,0,130,15,2,17,0,0,0,0,130,15,16,2,0,0,0,0,130,15,13,16,0,0,0,0,130,13,1,16,0,0,0,0,130,13,14,1,0,0,0,0,130,13,8,14,0,0,0,0,130,8,10,14,0,0,0,0,130,11,12,3,0,0,0,0,130,11,9,12,0,0,0,0,130,9,0,12,0,0,0,0,130,8,9,10,0,0,0,0,130,9,18,10,0,0,0,0,130,32,33,34,0,2,2,4,131,32,0,13,33,0,2,2,2,2],
    "colors": [2647591,0,6693399,4343840,6628120,6628119,2647335],
    "metadata": {
        "faces": 63,
        "colors": 7,
        "vertices": 35,
        "generator": "io_three",
        "materials": 1,
        "version": 3,
        "type": "Geometry"
    },
    "vertices": [0.16603699326515198,0.28231513500213623,0.046028345823287964,-0.9572622179985046,0.7990813255310059,-0.12069398909807205,-0.30579257011413574,0.6854345202445984,-1.0504282712936401,1.1999820470809937,0.9967778921127319,-0.29464077949523926,0.28774118423461914,1.162398338317871,1.234606385231018,-0.6923304796218872,1.520513892173767,0.5631951093673706,0.4336422085762024,1.4799556732177734,-0.9749497175216675,1.1906216144561768,1.458932876586914,0.26012200117111206,-0.02138426899909973,0.41938844323158264,0.5531244874000549,0.6391350030899048,0.3880869448184967,0.4278079569339752,-0.00310342013835907,0.7262256741523743,1.0942013263702393,1.0822253227233887,0.5983303189277649,0.17540988326072693,0.5549176335334778,0.33719390630722046,-0.1771198809146881,-0.24563197791576385,0.28379884362220764,-0.006472164299339056,-0.7096215486526489,0.730621337890625,0.517839252948761,0.09071741998195648,0.3140615224838257,-0.11623464524745941,-0.595102071762085,0.7035115957260132,-0.6329139471054077,0.21380972862243652,0.5719684362411499,-0.8767133951187134,1.0922107696533203,0.7966209650039673,0.7195050120353699,0.8032644987106323,1.104041337966919,0.9423032402992249,-0.948482871055603,1.1393531560897827,0.32096755504608154,-0.5729862451553345,1.209165334701538,0.9551888704299927,-0.5267106294631958,1.167264699935913,-0.8991749286651611,0.7224390506744385,1.0910358428955078,-0.8604183197021484,-0.6634359359741211,1.6268320083618164,-0.44627848267555237,-0.11600825190544128,1.6115394830703735,-0.9614998698234558,0.9219529628753662,1.5053352117538452,-0.4789227247238159,0.048857688903808594,1.6753153800964355,0.7452220320701599,0.3280496597290039,1.9225435256958008,0.028526222333312035,-0.3058170974254608,1.8247851133346558,0.2923395335674286,-0.19982311129570007,1.903442621231079,-0.46377333998680115,0.3520771861076355,1.8192335367202759,-0.5744074583053589,0.22223158180713654,0.02817395329475403,0.16802534461021423,-0.23753196001052856,0.01102989912033081,0.10682250559329987,0.03937876224517822,-0.0026551485061645508,-0.19304582476615906],
    "materials": [{
        "blending": "NoBlending",
        "visible": true,
        "depthWrite": true,
        "DbgIndex": 0,
        "opacity": 0.0,
        "wireframe": false,
        "depthTest": true,
        "shading": "lambert",
        "transparent": false,
        "DbgColor": 15658734,
        "colorEmissive": [0.0,0.0,0.0],
        "colorAmbient": [0.800000011920929,0.800000011920929,0.800000011920929],
        "vertexColors": true,
        "DbgName": "\u30de\u30c6\u30ea\u30a2\u30eb"
    }],
    "name": "ICO\u7403Geometry"
}