{
    "colors": [175144,306474,0,6042158,5976878,5129260],
    "materials": [{
        "opacity": 0.0,
        "DbgColor": 15658734,
        "depthWrite": true,
        "colorEmissive": [0.0,0.0,0.0],
        "blending": "NoBlending",
        "colorAmbient": [0.800000011920929,0.800000011920929,0.800000011920929],
        "DbgIndex": 0,
        "wireframe": false,
        "vertexColors": true,
        "depthTest": true,
        "DbgName": "\u30de\u30c6\u30ea\u30a2\u30eb",
        "visible": true,
        "shading": "lambert",
        "transparent": false
    }],
    "metadata": {
        "colors": 6,
        "materials": 1,
        "version": 3,
        "vertices": 17,
        "faces": 13,
        "generator": "io_three",
        "type": "Geometry"
    },
    "vertices": [0.0,4.1281023025512695,-16.0,16.0,4.128102779388428,5.189370995140052e-07,0.0,44.93342971801758,-1.964102693818859e-06,-1.3987644251756137e-06,4.128103256225586,16.0,-16.0,4.128102779388428,-3.7124317486814107e-07,0.0,4.1281023025512695,-16.0,16.0,4.128102779388428,5.189370995140052e-07,-1.3987644251756137e-06,4.128103256225586,16.0,-16.0,4.128102779388428,-3.7124317486814107e-07,-2.2020749668172357e-07,3.1638996601104736,-4.077198505401611,4.077198028564453,3.1638998985290527,1.6540774083750875e-07,-5.766474941992783e-07,3.163900136947632,4.077198505401611,-4.0771989822387695,3.1638998985290527,-6.143230990574011e-08,-2.645099073106394e-07,-0.011398916132748127,-2.839407205581665,2.839406967163086,-0.011398792266845703,2.539548802360514e-07,-5.12738779434585e-07,-0.01139866840094328,2.8394076824188232,-2.8394079208374023,-0.011398792266845703,9.598085171091952e-08],
    "name": "\u5186\u9310Geometry",
    "faces": [130,3,2,4,0,0,1,0,130,0,2,1,0,0,0,0,130,4,2,0,0,0,0,0,130,1,2,3,0,0,0,0,131,4,0,9,12,0,0,0,0,0,131,12,9,13,16,0,3,4,3,3,131,3,4,12,11,0,0,0,0,0,131,1,3,11,10,0,0,0,0,0,131,0,1,10,9,0,0,0,0,0,131,13,14,15,16,0,3,3,3,3,131,11,12,16,15,0,3,5,3,3,131,10,11,15,14,0,3,3,3,3,131,9,10,14,13,0,3,3,3,3]
}